seq,train_no,train_type,service_type,direction,origin,dep_time,dest,arr_time,sched_duration,distance_km,days_kor,main_line_kor,note,dep_time_parsed,arr_time_parsed,sched_dur_sec,avg_speed_kmh,days_en,main_line_norm,overnight_flag
1,3001,화물,정기,하,오봉,3:02:00,부산신항,9:10:00,6:08:00,402.3,일월화수목금토,경부선,,03:02:00,09:10:00,22080,65.59239130434783,"['Sun', 'Mon', 'Tue', 'Wed', 'Thu', 'Fri', 'Sat']",Gyeongbu Line,0
2,3002,화물,정기,상,부산신항,4:00:00,오봉,10:00:00,6:00:00,402.3,일화수목금토,경부선,,04:00:00,10:00:00,21600,67.05,"['Sun', 'Tue', 'Wed', 'Thu', 'Fri', 'Sat']",Gyeongbu Line,0
3,3003,화물,정기,하,오봉,3:11:00,부산신항,9:19:00,6:08:00,402.3,화수목금토,경부선,,03:11:00,09:19:00,22080,65.59239130434783,"['Tue', 'Wed', 'Thu', 'Fri', 'Sat']",Gyeongbu Line,0
4,3004,화물,정기,상,부산신항,7:25:00,오봉,12:23:00,4:58:00,402.3,일화수목금토,경부선,,07:25:00,12:23:00,17880,81.0,"['Sun', 'Tue', 'Wed', 'Thu', 'Fri', 'Sat']",Gyeongbu Line,0
5,3005,화물,정기,하,오봉,3:30:00,부산신항,9:42:00,6:12:00,402.3,화수목금토,경부선,,03:30:00,09:42:00,22320,64.88709677419355,"['Tue', 'Wed', 'Thu', 'Fri', 'Sat']",Gyeongbu Line,0
6,3006,화물,정기,상,부산신항,8:30:00,오봉,13:25:00,4:55:00,402.3,화수목금토,경부선,,08:30:00,13:25:00,17700,81.82372881355931,"['Tue', 'Wed', 'Thu', 'Fri', 'Sat']",Gyeongbu Line,0
7,3007,화물,정기,하,오봉,7:02:00,부산신항,12:05:00,5:03:00,402.3,일화수목금토,경부선,,07:02:00,12:05:00,18180,79.66336633663367,"['Sun', 'Tue', 'Wed', 'Thu', 'Fri', 'Sat']",Gyeongbu Line,0
8,3008,화물,정기,상,부산신항,9:56:00,오봉,14:55:00,4:59:00,402.3,일화수목금토,경부선,,09:56:00,14:55:00,17940,80.72909698996655,"['Sun', 'Tue', 'Wed', 'Thu', 'Fri', 'Sat']",Gyeongbu Line,0
9,3009,화물,정기,하,오봉,7:49:00,부산신항,12:37:00,4:48:00,402.3,일화수목금토,경부선,,07:49:00,12:37:00,17280,83.8125,"['Sun', 'Tue', 'Wed', 'Thu', 'Fri', 'Sat']",Gyeongbu Line,0
10,3010,화물,정기,상,부산신항,15:36:00,오봉,20:27:00,4:51:00,402.3,월화수목금,경부선,,15:36:00,20:27:00,17460,82.94845360824743,"['Mon', 'Tue', 'Wed', 'Thu', 'Fri']",Gyeongbu Line,0
11,3011,화물,정기,하,오봉,10:07:00,부산신항,15:00:00,4:53:00,402.3,화수목금토,경부선,,10:07:00,15:00:00,17580,82.38225255972696,"['Tue', 'Wed', 'Thu', 'Fri', 'Sat']",Gyeongbu Line,0
12,3012,화물,정기,상,부산신항,17:18:00,오봉,22:13:00,4:55:00,402.3,일월화수목금토,경부선,,17:18:00,22:13:00,17700,81.82372881355931,"['Sun', 'Mon', 'Tue', 'Wed', 'Thu', 'Fri', 'Sat']",Gyeongbu Line,0
13,3013,화물,정기,하,오봉,15:10:00,부산신항,20:24:00,5:14:00,402.3,화수목금토,경부선,,15:10:00,20:24:00,18840,76.87261146496816,"['Tue', 'Wed', 'Thu', 'Fri', 'Sat']",Gyeongbu Line,0
14,3014,화물,정기,상,부산신항,18:19:00,오봉,23:31:00,5:12:00,402.3,월화수목금,경부선,,18:19:00,23:31:00,18720,77.36538461538461,"['Mon', 'Tue', 'Wed', 'Thu', 'Fri']",Gyeongbu Line,0
15,3015,화물,정기,하,오봉,16:47:00,부산신항,21:49:00,5:02:00,402.3,일화수목금토,경부선,,16:47:00,21:49:00,18120,79.9271523178808,"['Sun', 'Tue', 'Wed', 'Thu', 'Fri', 'Sat']",Gyeongbu Line,0
16,3016,화물,정기,상,부산신항,21:10:00,오봉,3:13:00,6:03:00,402.3,월화수목금,경부선,,21:10:00,03:13:00,21780,66.49586776859505,"['Mon', 'Tue', 'Wed', 'Thu', 'Fri']",Gyeongbu Line,1
17,3017,화물,정기,하,오봉,18:37:00,부산신항,23:35:00,4:58:00,402.3,월화수목금토,경부선,,18:37:00,23:35:00,17880,81.0,"['Mon', 'Tue', 'Wed', 'Thu', 'Fri', 'Sat']",Gyeongbu Line,0
18,3018,화물,정기,상,부산신항,21:50:00,오봉,3:58:00,6:08:00,402.3,일월화수목금토,경부선,,21:50:00,03:58:00,22080,65.59239130434783,"['Sun', 'Mon', 'Tue', 'Wed', 'Thu', 'Fri', 'Sat']",Gyeongbu Line,1
19,3019,화물,정기,하,오봉,21:10:00,부산신항,3:05:00,5:55:00,402.3,월화수목금,경부선,,21:10:00,03:05:00,21300,67.9943661971831,"['Mon', 'Tue', 'Wed', 'Thu', 'Fri']",Gyeongbu Line,1
20,3020,화물,정기,상,부산신항,22:00:00,오봉,4:10:00,6:10:00,402.3,월화수목금,경부선,,22:00:00,04:10:00,22200,65.23783783783783,"['Mon', 'Tue', 'Wed', 'Thu', 'Fri']",Gyeongbu Line,1
21,3021,화물,정기,하,오봉,9:46:00,부산진,14:31:00,4:45:00,410.4,화수목금토,경부선,,09:46:00,14:31:00,17100,86.39999999999999,"['Tue', 'Wed', 'Thu', 'Fri', 'Sat']",Gyeongbu Line,0
22,3022,화물,정기,상,부산진,5:12:00,오봉,11:44:00,6:32:00,410.4,화수목금토,경부선,,05:12:00,11:44:00,23520,62.816326530612244,"['Tue', 'Wed', 'Thu', 'Fri', 'Sat']",Gyeongbu Line,0
23,3023,화물,정기,하,오봉,11:26:00,부산진,16:20:00,4:54:00,410.4,화수목금토,경부선,,11:26:00,16:20:00,17640,83.75510204081631,"['Tue', 'Wed', 'Thu', 'Fri', 'Sat']",Gyeongbu Line,0
24,3024,화물,정기,상,부산진,12:35:00,오봉,17:35:00,5:00:00,410.4,월화수목금,경부선,,12:35:00,17:35:00,18000,82.08,"['Mon', 'Tue', 'Wed', 'Thu', 'Fri']",Gyeongbu Line,0
25,3025,화물,정기,하,오봉,20:41:00,부산진,2:33:00,5:52:00,410.4,월화수목금,경부선,,20:41:00,02:33:00,21120,69.95454545454545,"['Mon', 'Tue', 'Wed', 'Thu', 'Fri']",Gyeongbu Line,1
26,3026,화물,정기,상,부산진,16:45:00,오봉,21:40:00,4:55:00,410.4,화수목금토,경부선,,16:45:00,21:40:00,17700,83.47118644067795,"['Tue', 'Wed', 'Thu', 'Fri', 'Sat']",Gyeongbu Line,0
27,3027,화물,정기,하,오봉,20:50:00,부산진,3:00:00,6:10:00,410.4,월화수목금토,경부선,,20:50:00,03:00:00,22200,66.55135135135134,"['Mon', 'Tue', 'Wed', 'Thu', 'Fri', 'Sat']",Gyeongbu Line,1
28,3028,화물,정기,상,부산진,21:20:00,오봉,3:36:00,6:16:00,410.4,월화수목금토,경부선,,21:20:00,03:36:00,22560,65.48936170212765,"['Mon', 'Tue', 'Wed', 'Thu', 'Fri', 'Sat']",Gyeongbu Line,1
29,3041,화물,정기,하,삽교,13:08:00,부산신항,19:37:00,6:29:00,377.7,일월화수목금토,경부선,,13:08:00,19:37:00,23340,58.25706940874036,"['Sun', 'Mon', 'Tue', 'Wed', 'Thu', 'Fri', 'Sat']",Gyeongbu Line,0
30,3042,화물,정기,상,부산신항,4:10:00,삽교,10:50:00,6:40:00,377.7,일월화수목금토,경부선,,04:10:00,10:50:00,24000,56.654999999999994,"['Sun', 'Mon', 'Tue', 'Wed', 'Thu', 'Fri', 'Sat']",Gyeongbu Line,0
31,3043,화물,정기,하,삽교,20:50:00,부산신항,2:54:00,6:04:00,377.7,일월화수목금토,경부선,,20:50:00,02:54:00,21840,62.25824175824176,"['Sun', 'Mon', 'Tue', 'Wed', 'Thu', 'Fri', 'Sat']",Gyeongbu Line,1
32,3044,화물,정기,상,부산신항,11:42:00,삽교,17:49:00,6:07:00,377.7,일월화수목금토,경부선,,11:42:00,17:49:00,22020,61.74931880108992,"['Sun', 'Mon', 'Tue', 'Wed', 'Thu', 'Fri', 'Sat']",Gyeongbu Line,0
33,3049,화물,정기,하,천안,14:19:00,부산신항,19:49:00,5:30:00,335.2,월화수목금,경부선,,14:19:00,19:49:00,19800,60.945454545454545,"['Mon', 'Tue', 'Wed', 'Thu', 'Fri']",Gyeongbu Line,0
34,3050,화물,정기,상,부산신항,4:20:00,천안,10:10:00,5:50:00,335.2,월화수목금,경부선,,04:20:00,10:10:00,21000,57.462857142857146,"['Mon', 'Tue', 'Wed', 'Thu', 'Fri']",Gyeongbu Line,0
35,3053,화물,정기,하,부강화물,15:35:00,부산진,20:16:00,4:41:00,303.0,월화수목금토,경부선,,15:35:00,20:16:00,16860,64.69750889679715,"['Mon', 'Tue', 'Wed', 'Thu', 'Fri', 'Sat']",Gyeongbu Line,0
36,3054,화물,정기,상,부산진,5:53:00,부강화물,10:34:00,4:41:00,303.0,월화수목금토,경부선,,05:53:00,10:34:00,16860,64.69750889679715,"['Mon', 'Tue', 'Wed', 'Thu', 'Fri', 'Sat']",Gyeongbu Line,0
37,3057,화물,정기,하,부강화물,15:50:00,부산신항,21:15:00,5:25:00,294.9,월화수목금토,경부선,,15:50:00,21:15:00,19500,54.443076923076916,"['Mon', 'Tue', 'Wed', 'Thu', 'Fri', 'Sat']",Gyeongbu Line,0
38,3058,화물,정기,상,부산신항,4:53:00,부강화물,10:13:00,5:20:00,294.9,월화수목금토,경부선,,04:53:00,10:13:00,19200,55.293749999999996,"['Mon', 'Tue', 'Wed', 'Thu', 'Fri', 'Sat']",Gyeongbu Line,0
39,3061,화물,정기,하,약목,17:40:00,부산신항,20:02:00,2:22:00,142.3,월화수목금토,경부선,,17:40:00,20:02:00,8520,60.12676056338029,"['Mon', 'Tue', 'Wed', 'Thu', 'Fri', 'Sat']",Gyeongbu Line,0
40,3062,화물,정기,상,부산신항,12:01:00,약목,14:16:00,2:15:00,142.3,월화수목금토,경부선,,12:01:00,14:16:00,8100,63.24444444444445,"['Mon', 'Tue', 'Wed', 'Thu', 'Fri', 'Sat']",Gyeongbu Line,0
41,3063,화물,정기,하,약목,12:30:00,부산진,14:46:00,2:16:00,150.4,화수목금토,경부선,,12:30:00,14:46:00,8160,66.3529411764706,"['Tue', 'Wed', 'Thu', 'Fri', 'Sat']",Gyeongbu Line,0
42,3064,화물,정기,상,부산진,4:40:00,약목,6:57:00,2:17:00,150.4,화수목금토,경부선,,04:40:00,06:57:00,8220,65.86861313868614,"['Tue', 'Wed', 'Thu', 'Fri', 'Sat']",Gyeongbu Line,0
43,3071,화물,정기,하,오봉,5:15:00,신광양항,12:08:00,6:53:00,385.9,월화수목금토,전라선,,05:15:00,12:08:00,24780,56.06295399515738,"['Mon', 'Tue', 'Wed', 'Thu', 'Fri', 'Sat']",Jeolla Line,0
44,3072,화물,정기,상,신광양항,15:00:00,오봉,21:27:00,6:27:00,385.9,월화수목금토,전라선,,15:00:00,21:27:00,23220,59.82945736434108,"['Mon', 'Tue', 'Wed', 'Thu', 'Fri', 'Sat']",Jeolla Line,0
45,3073,화물,정기,하,황등,8:55:00,신광양항,13:09:00,4:14:00,172.5,월화수목금,전라선,,08:55:00,13:09:00,15240,40.74803149606299,"['Mon', 'Tue', 'Wed', 'Thu', 'Fri']",Jeolla Line,0
46,3074,화물,정기,상,신광양항,14:20:00,황등,17:39:00,3:19:00,172.5,월화수목금,전라선,,14:20:00,17:39:00,11940,52.01005025125628,"['Mon', 'Tue', 'Wed', 'Thu', 'Fri']",Jeolla Line,0
47,3075,화물,정기,하,동산,12:45:00,신광양항,15:30:00,2:45:00,148.2,월화수목금토,전라선,,12:45:00,15:30:00,9900,53.89090909090908,"['Mon', 'Tue', 'Wed', 'Thu', 'Fri', 'Sat']",Jeolla Line,0
48,3076,화물,정기,상,신광양항,16:30:00,동산,19:00:00,2:30:00,148.2,월화수목금토,전라선,,16:30:00,19:00:00,9000,59.279999999999994,"['Mon', 'Tue', 'Wed', 'Thu', 'Fri', 'Sat']",Jeolla Line,0
49,3077,화물,정기,하,익산,13:17:00,적량,16:46:00,3:29:00,176.0,월화수목금토,전라선,,13:17:00,16:46:00,12540,50.526315789473685,"['Mon', 'Tue', 'Wed', 'Thu', 'Fri', 'Sat']",Jeolla Line,0
50,3078,화물,정기,상,적량,17:30:00,동산,20:08:00,2:38:00,158.4,월화수목금토,전라선,,17:30:00,20:08:00,9480,60.151898734177216,"['Mon', 'Tue', 'Wed', 'Thu', 'Fri', 'Sat']",Jeolla Line,0
51,3079,화물,정기,하,황등,6:00:00,신광양항,9:17:00,3:17:00,172.5,월화수목금토,전라선,,06:00:00,09:17:00,11820,52.53807106598985,"['Mon', 'Tue', 'Wed', 'Thu', 'Fri', 'Sat']",Jeolla Line,0
52,3080,화물,정기,상,신광양항,10:28:00,군산,14:04:00,3:36:00,187.2,월화수목금토,전라선,,10:28:00,14:04:00,12960,51.99999999999999,"['Mon', 'Tue', 'Wed', 'Thu', 'Fri', 'Sat']",Jeolla Line,0
53,3081,화물,정기,상,황등,16:38:00,부산신항,22:41:00,6:03:00,312.1,월화수목금,경전선,,16:38:00,22:41:00,21780,51.586776859504134,"['Mon', 'Tue', 'Wed', 'Thu', 'Fri']",Gyeongjeon Line,0
54,3082,화물,정기,하,부산신항,5:10:00,황등,11:32:00,6:22:00,312.1,월화수목금,경전선,,05:10:00,11:32:00,22920,49.02094240837697,"['Mon', 'Tue', 'Wed', 'Thu', 'Fri']",Gyeongjeon Line,0
55,3083,화물,정기,상,황등,16:00:00,부산신항,21:03:00,5:03:00,312.1,월화수목금,경전선,,16:00:00,21:03:00,18180,61.801980198019805,"['Mon', 'Tue', 'Wed', 'Thu', 'Fri']",Gyeongjeon Line,0
56,3084,화물,정기,하,부산신항,6:30:00,황등,12:28:00,5:58:00,312.1,월화수목금,경전선,,06:30:00,12:28:00,21480,52.3072625698324,"['Mon', 'Tue', 'Wed', 'Thu', 'Fri']",Gyeongjeon Line,0
57,3085,화물,정기,하,동해,17:19:00,부산신항,6:57:00,13:38:00,501.6,월화수목금,중앙선,,17:19:00,06:57:00,49080,36.79217603911981,"['Mon', 'Tue', 'Wed', 'Thu', 'Fri']",Jungang Line,1
58,3086,화물,정기,상,부산신항,19:40:00,동해,8:21:00,12:41:00,501.6,일월화수목,중앙선,,19:40:00,08:21:00,45660,39.54796320630749,"['Sun', 'Mon', 'Tue', 'Wed', 'Thu']",Jungang Line,1
59,3087,화물,정기,하,문수,18:53:00,부산진,4:26:00,9:33:00,270.8,월화수목금토,중앙선,,18:53:00,04:26:00,34380,28.356020942408374,"['Mon', 'Tue', 'Wed', 'Thu', 'Fri', 'Sat']",Jungang Line,1
60,3088,화물,정기,상,부산진,5:15:00,문수,11:12:00,5:57:00,270.8,월화수목금토,중앙선,,05:15:00,11:12:00,21420,45.51260504201681,"['Mon', 'Tue', 'Wed', 'Thu', 'Fri', 'Sat']",Jungang Line,0
61,3091,화물,정기,하,동해,3:32:00,부산진,14:05:00,10:33:00,423.4,일월화수목금토,중앙선,,03:32:00,14:05:00,37980,40.132701421800945,"['Sun', 'Mon', 'Tue', 'Wed', 'Thu', 'Fri', 'Sat']",Jungang Line,0
62,3093,화물,정기,하,동해,11:40:00,부산진,22:03:00,10:23:00,423.4,일월화수목금토,중앙선,,11:40:00,22:03:00,37380,40.776886035313,"['Sun', 'Mon', 'Tue', 'Wed', 'Thu', 'Fri', 'Sat']",Jungang Line,0
63,3094,화물,정기,상,부산진,9:30:00,동해,20:15:00,10:45:00,423.4,일월화수목금토,중앙선,,09:30:00,20:15:00,38700,39.3860465116279,"['Sun', 'Mon', 'Tue', 'Wed', 'Thu', 'Fri', 'Sat']",Jungang Line,0
64,3096,화물,정기,상,부산진,14:45:00,동해,7:48:00,17:03:00,423.4,일월화수목금토,중앙선,,14:45:00,07:48:00,61380,24.832844574780058,"['Sun', 'Mon', 'Tue', 'Wed', 'Thu', 'Fri', 'Sat']",Jungang Line,1
65,3097,화물,정기,하,부산신항,10:10:00,순천,13:14:00,3:04:00,159.8,월화수목금토,경전선,,10:10:00,13:14:00,11040,52.108695652173914,"['Mon', 'Tue', 'Wed', 'Thu', 'Fri', 'Sat']",Gyeongjeon Line,0
66,3098,화물,정기,상,흥국사,18:15:00,부산신항,21:39:00,3:24:00,178.3,월화수목금토,경전선,,18:15:00,21:39:00,12240,52.44117647058824,"['Mon', 'Tue', 'Wed', 'Thu', 'Fri', 'Sat']",Gyeongjeon Line,0
67,3101,화물,정기,하,수색,10:55:00,도담,15:49:00,4:54:00,272.4,일월화수목금토,경부선,,10:55:00,15:49:00,17640,55.59183673469387,"['Sun', 'Mon', 'Tue', 'Wed', 'Thu', 'Fri', 'Sat']",Gyeongbu Line,0
68,3102,화물,정기,상,제천조차장,4:40:00,수색,9:10:00,4:30:00,254.2,일월화수목금토,경부선,,04:40:00,09:10:00,16200,56.48888888888889,"['Sun', 'Mon', 'Tue', 'Wed', 'Thu', 'Fri', 'Sat']",Gyeongbu Line,0
69,3103,화물,정기,하,수색,11:28:00,도담,16:56:00,5:28:00,272.4,일월화수목금토,경부선,,11:28:00,16:56:00,19680,49.82926829268292,"['Sun', 'Mon', 'Tue', 'Wed', 'Thu', 'Fri', 'Sat']",Gyeongbu Line,0
70,3104,화물,정기,상,도담,7:28:00,수색,12:09:00,4:41:00,272.4,일월화수목금토,경부선,,07:28:00,12:09:00,16860,58.16370106761565,"['Sun', 'Mon', 'Tue', 'Wed', 'Thu', 'Fri', 'Sat']",Gyeongbu Line,0
71,3105,화물,정기,하,수색,16:49:00,제천조차장,21:25:00,4:36:00,254.2,월화수목금,경부선,,16:49:00,21:25:00,16560,55.26086956521739,"['Mon', 'Tue', 'Wed', 'Thu', 'Fri']",Gyeongbu Line,0
72,3106,화물,정기,상,제천조차장,10:55:00,수색,15:30:00,4:35:00,254.2,월화수목금,경부선,,10:55:00,15:30:00,16500,55.46181818181818,"['Mon', 'Tue', 'Wed', 'Thu', 'Fri']",Gyeongbu Line,0
73,3121,화물,정기,하,오봉,3:21:00,쌍룡,7:24:00,4:03:00,237.2,일월화수목금토,충북선,,03:21:00,07:24:00,14580,58.5679012345679,"['Sun', 'Mon', 'Tue', 'Wed', 'Thu', 'Fri', 'Sat']",Chungbuk Line,0
74,3122,화물,정기,상,제천조차장,5:20:00,오봉,8:44:00,3:24:00,216.6,일월화수목금토,충북선,,05:20:00,08:44:00,12240,63.705882352941174,"['Sun', 'Mon', 'Tue', 'Wed', 'Thu', 'Fri', 'Sat']",Chungbuk Line,0
75,3123,화물,정기,하,오봉,4:52:00,도담,9:20:00,4:28:00,234.8,일월화수목금토,충북선,,04:52:00,09:20:00,16080,52.56716417910448,"['Sun', 'Mon', 'Tue', 'Wed', 'Thu', 'Fri', 'Sat']",Chungbuk Line,0
76,3124,화물,정기,상,제천조차장,5:38:00,오봉,9:14:00,3:36:00,216.6,일월화수목금토,충북선,,05:38:00,09:14:00,12960,60.166666666666664,"['Sun', 'Mon', 'Tue', 'Wed', 'Thu', 'Fri', 'Sat']",Chungbuk Line,0
77,3125,화물,정기,하,오봉,6:34:00,도담,10:44:00,4:10:00,234.8,일월화수목금토,충북선,,06:34:00,10:44:00,15000,56.352,"['Sun', 'Mon', 'Tue', 'Wed', 'Thu', 'Fri', 'Sat']",Chungbuk Line,0
78,3126,화물,정기,상,입석리,8:27:00,오봉,12:45:00,4:18:00,232.6,일월화수목금토,충북선,,08:27:00,12:45:00,15480,54.093023255813954,"['Sun', 'Mon', 'Tue', 'Wed', 'Thu', 'Fri', 'Sat']",Chungbuk Line,0
79,3127,화물,정기,하,오봉,8:57:00,옥계,18:27:00,9:30:00,395.1,일월화수목금토,충북선,,08:57:00,18:27:00,34200,41.58947368421053,"['Sun', 'Mon', 'Tue', 'Wed', 'Thu', 'Fri', 'Sat']",Chungbuk Line,0
80,3128,화물,정기,상,제천조차장,9:15:00,오봉,13:35:00,4:20:00,216.6,일월화수목금토,충북선,,09:15:00,13:35:00,15600,49.98461538461539,"['Sun', 'Mon', 'Tue', 'Wed', 'Thu', 'Fri', 'Sat']",Chungbuk Line,0
81,3129,화물,정기,하,오봉,10:55:00,쌍룡,15:22:00,4:27:00,237.2,일월화수목금토,충북선,,10:55:00,15:22:00,16020,53.30337078651685,"['Sun', 'Mon', 'Tue', 'Wed', 'Thu', 'Fri', 'Sat']",Chungbuk Line,0
82,3130,화물,정기,상,도담,11:05:00,오봉,15:14:00,4:09:00,234.8,일월화수목금토,충북선,,11:05:00,15:14:00,14940,56.57831325301205,"['Sun', 'Mon', 'Tue', 'Wed', 'Thu', 'Fri', 'Sat']",Chungbuk Line,0
83,3131,화물,정기,하,오봉,11:49:00,제천조차장,15:28:00,3:39:00,216.6,일월화수목금토,충북선,,11:49:00,15:28:00,13140,59.342465753424655,"['Sun', 'Mon', 'Tue', 'Wed', 'Thu', 'Fri', 'Sat']",Chungbuk Line,0
84,3132,화물,정기,상,제천조차장,11:55:00,오봉,15:39:00,3:44:00,216.6,일월화수목금토,충북선,,11:55:00,15:39:00,13440,58.01785714285714,"['Sun', 'Mon', 'Tue', 'Wed', 'Thu', 'Fri', 'Sat']",Chungbuk Line,0
85,3133,화물,정기,하,오봉,12:40:00,동해,22:36:00,9:56:00,377.6,일월화수목금토,충북선,,12:40:00,22:36:00,35760,38.013422818791945,"['Sun', 'Mon', 'Tue', 'Wed', 'Thu', 'Fri', 'Sat']",Chungbuk Line,0
86,3134,화물,정기,상,동해,7:50:00,오봉,16:32:00,8:42:00,380.6,일월화수목금토,충북선,,07:50:00,16:32:00,31320,43.74712643678161,"['Sun', 'Mon', 'Tue', 'Wed', 'Thu', 'Fri', 'Sat']",Chungbuk Line,0
87,3135,화물,정기,하,오봉,13:50:00,도담,18:08:00,4:18:00,234.8,일월화수목금,충북선,,13:50:00,18:08:00,15480,54.6046511627907,"['Sun', 'Mon', 'Tue', 'Wed', 'Thu', 'Fri']",Chungbuk Line,0
88,3136,화물,정기,상,제천조차장,15:00:00,오봉,18:43:00,3:43:00,216.6,일월화수목금토,충북선,,15:00:00,18:43:00,13380,58.27802690582959,"['Sun', 'Mon', 'Tue', 'Wed', 'Thu', 'Fri', 'Sat']",Chungbuk Line,0
89,3137,화물,정기,하,오봉,14:25:00,제천조차장,18:03:00,3:38:00,216.6,일월화수목금토,충북선,,14:25:00,18:03:00,13080,59.61467889908257,"['Sun', 'Mon', 'Tue', 'Wed', 'Thu', 'Fri', 'Sat']",Chungbuk Line,0
90,3138,화물,정기,상,입석리,16:15:00,오봉,20:36:00,4:21:00,232.6,일월화수목금,충북선,,16:15:00,20:36:00,15660,53.4712643678161,"['Sun', 'Mon', 'Tue', 'Wed', 'Thu', 'Fri']",Chungbuk Line,0
91,3139,화물,정기,하,오봉,19:01:00,입석리,22:55:00,3:54:00,232.6,일월화수목금토,충북선,,19:01:00,22:55:00,14040,59.64102564102564,"['Sun', 'Mon', 'Tue', 'Wed', 'Thu', 'Fri', 'Sat']",Chungbuk Line,0
92,3140,화물,정기,상,도담,20:05:00,오봉,23:57:00,3:52:00,234.8,일월화수목금토,충북선,,20:05:00,23:57:00,13920,60.724137931034484,"['Sun', 'Mon', 'Tue', 'Wed', 'Thu', 'Fri', 'Sat']",Chungbuk Line,0
93,3141,화물,정기,하,오봉,15:45:00,도담,19:37:00,3:52:00,234.8,일월화수목금토,충북선,,15:45:00,19:37:00,13920,60.724137931034484,"['Sun', 'Mon', 'Tue', 'Wed', 'Thu', 'Fri', 'Sat']",Chungbuk Line,0
94,3142,화물,정기,상,도담,20:30:00,오봉,0:47:00,4:17:00,234.8,일월화수목금토,충북선,,20:30:00,00:47:00,15420,54.8171206225681,"['Sun', 'Mon', 'Tue', 'Wed', 'Thu', 'Fri', 'Sat']",Chungbuk Line,1
95,3171,화물,정기,하,제천조차장,8:35:00,동산,13:09:00,4:34:00,257.6,일월화수목금토,전라선,,08:35:00,13:09:00,16440,56.4087591240876,"['Sun', 'Mon', 'Tue', 'Wed', 'Thu', 'Fri', 'Sat']",Jeolla Line,0
96,3172,화물,정기,상,동산,14:10:00,제천조차장,18:47:00,4:37:00,257.6,일월화수목금토,전라선,,14:10:00,18:47:00,16620,55.79783393501806,"['Sun', 'Mon', 'Tue', 'Wed', 'Thu', 'Fri', 'Sat']",Jeolla Line,0
97,3181,화물,정기,하,대전조차장,2:14:00,제천조차장,4:32:00,2:18:00,152.1,월화수목금,충북선,,02:14:00,04:32:00,8280,66.1304347826087,"['Mon', 'Tue', 'Wed', 'Thu', 'Fri']",Chungbuk Line,0
98,3182,화물,정기,상,제천조차장,4:27:00,대전조차장,7:13:00,2:46:00,152.1,일월화수목금토,충북선,,04:27:00,07:13:00,9960,54.97590361445783,"['Sun', 'Mon', 'Tue', 'Wed', 'Thu', 'Fri', 'Sat']",Chungbuk Line,0
99,3183,화물,정기,하,대전조차장,6:45:00,제천조차장,9:34:00,2:49:00,152.1,일월화수목금토,충북선,,06:45:00,09:34:00,10140,53.99999999999999,"['Sun', 'Mon', 'Tue', 'Wed', 'Thu', 'Fri', 'Sat']",Chungbuk Line,0
100,3184,화물,정기,상,입석리,2:45:00,대전조차장,6:07:00,3:22:00,168.1,일월화수목금토,충북선,,02:45:00,06:07:00,12120,49.930693069306926,"['Sun', 'Mon', 'Tue', 'Wed', 'Thu', 'Fri', 'Sat']",Chungbuk Line,0
101,3185,화물,정기,하,대전조차장,10:35:00,입석리,13:58:00,3:23:00,168.1,월화수목금,충북선,,10:35:00,13:58:00,12180,49.68472906403941,"['Mon', 'Tue', 'Wed', 'Thu', 'Fri']",Chungbuk Line,0
102,3186,화물,정기,상,제천조차장,6:15:00,흑석리,9:23:00,3:08:00,169.4,월화수목금,충북선,,06:15:00,09:23:00,11280,54.06382978723404,"['Mon', 'Tue', 'Wed', 'Thu', 'Fri']",Chungbuk Line,0
103,3187,화물,정기,하,대전조차장,10:15:00,도담,13:24:00,3:09:00,170.3,일월화수목금토,충북선,,10:15:00,13:24:00,11340,54.06349206349207,"['Sun', 'Mon', 'Tue', 'Wed', 'Thu', 'Fri', 'Sat']",Chungbuk Line,0
104,3188,화물,정기,상,제천조차장,7:01:00,대전조차장,9:55:00,2:54:00,152.1,일월화수목금토,충북선,,07:01:00,09:55:00,10440,52.44827586206897,"['Sun', 'Mon', 'Tue', 'Wed', 'Thu', 'Fri', 'Sat']",Chungbuk Line,0
105,3190,화물,정기,상,도담,8:37:00,대전조차장,12:08:00,3:31:00,170.3,일월화수목금토,충북선,,08:37:00,12:08:00,12660,48.42654028436019,"['Sun', 'Mon', 'Tue', 'Wed', 'Thu', 'Fri', 'Sat']",Chungbuk Line,0
106,3191,화물,정기,하,대전조차장,6:00:00,동해,13:47:00,7:47:00,313.1,월화수목금,충북선,,06:00:00,13:47:00,28020,40.226980728051394,"['Mon', 'Tue', 'Wed', 'Thu', 'Fri']",Chungbuk Line,0
107,3192,화물,정기,상,동해,4:30:00,대전조차장,12:16:00,7:46:00,313.1,월화수목금,충북선,,04:30:00,12:16:00,27960,40.31330472103004,"['Mon', 'Tue', 'Wed', 'Thu', 'Fri']",Chungbuk Line,0
108,3193,화물,정기,하,대전조차장,15:03:00,입석리,18:49:00,3:46:00,168.1,일월화수목금토,충북선,,15:03:00,18:49:00,13560,44.6283185840708,"['Sun', 'Mon', 'Tue', 'Wed', 'Thu', 'Fri', 'Sat']",Chungbuk Line,0
109,3194,화물,정기,상,도담,13:00:00,대전조차장,15:51:00,2:51:00,170.3,화수목금토,충북선,,13:00:00,15:51:00,10260,59.75438596491228,"['Tue', 'Wed', 'Thu', 'Fri', 'Sat']",Chungbuk Line,0
110,3195,화물,정기,하,대전조차장,15:39:00,동해,23:27:00,7:48:00,313.1,일월화수목금토,충북선,,15:39:00,23:27:00,28080,40.14102564102564,"['Sun', 'Mon', 'Tue', 'Wed', 'Thu', 'Fri', 'Sat']",Chungbuk Line,0
111,3196,화물,정기,상,도담,14:12:00,대전조차장,17:01:00,2:49:00,170.3,일월화수목금토,충북선,,14:12:00,17:01:00,10140,60.46153846153846,"['Sun', 'Mon', 'Tue', 'Wed', 'Thu', 'Fri', 'Sat']",Chungbuk Line,0
112,3197,화물,정기,하,대전조차장,18:50:00,제천조차장,21:31:00,2:41:00,152.1,일월화수목금토,충북선,,18:50:00,21:31:00,9660,56.683229813664596,"['Sun', 'Mon', 'Tue', 'Wed', 'Thu', 'Fri', 'Sat']",Chungbuk Line,0
113,3198,화물,정기,상,제천조차장,16:25:00,대전조차장,19:23:00,2:58:00,152.1,일월화수목금토,충북선,,16:25:00,19:23:00,10680,51.26966292134831,"['Sun', 'Mon', 'Tue', 'Wed', 'Thu', 'Fri', 'Sat']",Chungbuk Line,0
114,3199,화물,정기,하,대전조차장,19:44:00,제천조차장,22:18:00,2:34:00,152.1,일월화수목금토,충북선,,19:44:00,22:18:00,9240,59.259740259740255,"['Sun', 'Mon', 'Tue', 'Wed', 'Thu', 'Fri', 'Sat']",Chungbuk Line,0
115,3213,화물,정기,하,청주,13:30:00,제천조차장,15:06:00,1:36:00,108.4,일월화수목금토,충북선,,13:30:00,15:06:00,5760,67.75,"['Sun', 'Mon', 'Tue', 'Wed', 'Thu', 'Fri', 'Sat']",Chungbuk Line,0
116,3214,화물,정기,상,쌍룡,7:32:00,청주,9:42:00,2:10:00,129.0,일월화수목금토,충북선,,07:32:00,09:42:00,7800,59.53846153846154,"['Sun', 'Mon', 'Tue', 'Wed', 'Thu', 'Fri', 'Sat']",Chungbuk Line,0
117,3215,화물,정기,하,청주,17:50:00,제천조차장,19:30:00,1:40:00,108.4,일월화수목금토,충북선,,17:50:00,19:30:00,6000,65.04,"['Sun', 'Mon', 'Tue', 'Wed', 'Thu', 'Fri', 'Sat']",Chungbuk Line,0
118,3216,화물,정기,상,쌍룡,12:18:00,청주,14:25:00,2:07:00,129.0,일월화수목금토,충북선,,12:18:00,14:25:00,7620,60.94488188976378,"['Sun', 'Mon', 'Tue', 'Wed', 'Thu', 'Fri', 'Sat']",Chungbuk Line,0
119,3221,화물,정기,하,수색,14:24:00,도담,18:42:00,4:18:00,272.4,일월화수목금토,경부선,,14:24:00,18:42:00,15480,63.348837209302324,"['Sun', 'Mon', 'Tue', 'Wed', 'Thu', 'Fri', 'Sat']",Gyeongbu Line,0
120,3222,화물,정기,상,도담,4:05:00,수색,9:01:00,4:56:00,272.4,일월화수목금토,경부선,,04:05:00,09:01:00,17760,55.21621621621621,"['Sun', 'Mon', 'Tue', 'Wed', 'Thu', 'Fri', 'Sat']",Gyeongbu Line,0
121,3223,화물,정기,하,수색,15:30:00,제천조차장,19:35:00,4:05:00,166.3,일화수목금토,중앙선,,15:30:00,19:35:00,14700,40.7265306122449,"['Sun', 'Tue', 'Wed', 'Thu', 'Fri', 'Sat']",Jungang Line,0
122,3224,화물,정기,상,도담,5:40:00,수색,10:12:00,4:32:00,184.5,일월화수목금토,중앙선,,05:40:00,10:12:00,16320,40.69852941176471,"['Sun', 'Mon', 'Tue', 'Wed', 'Thu', 'Fri', 'Sat']",Jungang Line,0
123,3225,화물,정기,하,수색,17:22:00,제천조차장,21:44:00,4:22:00,254.2,월화수목금토,경부선,,17:22:00,21:44:00,15720,58.21374045801527,"['Mon', 'Tue', 'Wed', 'Thu', 'Fri', 'Sat']",Gyeongbu Line,0
124,3226,화물,정기,상,도담,12:30:00,수색,17:24:00,4:54:00,184.5,일월화수목금토,중앙선,,12:30:00,17:24:00,17640,37.6530612244898,"['Sun', 'Mon', 'Tue', 'Wed', 'Thu', 'Fri', 'Sat']",Jungang Line,0
125,3227,화물,정기,하,수색,18:20:00,제천조차장,21:55:00,3:35:00,166.3,일월화수목금,중앙선,,18:20:00,21:55:00,12900,46.40930232558139,"['Sun', 'Mon', 'Tue', 'Wed', 'Thu', 'Fri']",Jungang Line,0
126,3228,화물,정기,상,동해,13:05:00,수색,22:52:00,9:47:00,415.2,일월화수목금토,태백선,,13:05:00,22:52:00,35220,42.439522998296425,"['Sun', 'Mon', 'Tue', 'Wed', 'Thu', 'Fri', 'Sat']",Taebaek Line,0
127,3236,화물,정기,상,입석리,6:10:00,오봉,9:41:00,3:31:00,232.6,일월화수목금토,충북선,,06:10:00,09:41:00,12660,66.14218009478672,"['Sun', 'Mon', 'Tue', 'Wed', 'Thu', 'Fri', 'Sat']",Chungbuk Line,0
128,3241,화물,정기,하,광운대,6:00:00,도담,9:39:00,3:39:00,160.8,일월화수목금토,중앙선,,06:00:00,09:39:00,13140,44.05479452054795,"['Sun', 'Mon', 'Tue', 'Wed', 'Thu', 'Fri', 'Sat']",Jungang Line,0
129,3242,화물,정기,상,도담,6:57:00,광운대,10:35:00,3:38:00,160.8,일월화수목금토,중앙선,,06:57:00,10:35:00,13080,44.25688073394496,"['Sun', 'Mon', 'Tue', 'Wed', 'Thu', 'Fri', 'Sat']",Jungang Line,0
130,3243,화물,정기,하,덕소,11:18:00,입석리,15:37:00,4:19:00,141.1,월화수목금토,중앙선,,11:18:00,15:37:00,15540,32.68725868725869,"['Mon', 'Tue', 'Wed', 'Thu', 'Fri', 'Sat']",Jungang Line,0
131,3244,화물,정기,상,입석리,11:05:00,광운대,14:47:00,3:42:00,158.6,일월화수목금토,중앙선,,11:05:00,14:47:00,13320,42.86486486486486,"['Sun', 'Mon', 'Tue', 'Wed', 'Thu', 'Fri', 'Sat']",Jungang Line,0
132,3245,화물,정기,하,광운대,19:31:00,제천조차장,22:40:00,3:09:00,142.6,월화수목금토,중앙선,,19:31:00,22:40:00,11340,45.26984126984127,"['Mon', 'Tue', 'Wed', 'Thu', 'Fri', 'Sat']",Jungang Line,0
133,3246,화물,정기,상,도담,14:38:00,광운대,18:10:00,3:32:00,160.8,일월화수목금토,중앙선,,14:38:00,18:10:00,12720,45.509433962264154,"['Sun', 'Mon', 'Tue', 'Wed', 'Thu', 'Fri', 'Sat']",Jungang Line,0
134,3247,화물,정기,하,광운대,21:56:00,입석리,1:14:00,3:18:00,158.6,일월화수목금토,중앙선,,21:56:00,01:14:00,11880,48.06060606060606,"['Sun', 'Mon', 'Tue', 'Wed', 'Thu', 'Fri', 'Sat']",Jungang Line,1
135,3248,화물,정기,상,입석리,16:43:00,광운대,20:31:00,3:48:00,158.6,일월화수목금토,중앙선,,16:43:00,20:31:00,13680,41.73684210526316,"['Sun', 'Mon', 'Tue', 'Wed', 'Thu', 'Fri', 'Sat']",Jungang Line,0
136,3251,화물,정기,하,덕소,6:00:00,입석리,9:22:00,3:22:00,141.1,일월화수목금토,중앙선,,06:00:00,09:22:00,12120,41.91089108910891,"['Sun', 'Mon', 'Tue', 'Wed', 'Thu', 'Fri', 'Sat']",Jungang Line,0
137,3252,화물,정기,상,제천조차장,4:20:00,덕소,6:38:00,2:18:00,125.1,월화수목금토,중앙선,,04:20:00,06:38:00,8280,54.391304347826086,"['Mon', 'Tue', 'Wed', 'Thu', 'Fri', 'Sat']",Jungang Line,0
138,3253,화물,정기,하,덕소,16:14:00,제천조차장,19:01:00,2:47:00,125.1,월화수목금토,중앙선,,16:14:00,19:01:00,10020,44.946107784431135,"['Mon', 'Tue', 'Wed', 'Thu', 'Fri', 'Sat']",Jungang Line,0
139,3254,화물,정기,상,제천조차장,9:37:00,덕소,12:14:00,2:37:00,125.1,월화수목금토,중앙선,,09:37:00,12:14:00,9420,47.808917197452224,"['Mon', 'Tue', 'Wed', 'Thu', 'Fri', 'Sat']",Jungang Line,0
140,3255,화물,정기,하,덕소,20:37:00,도담,23:35:00,2:58:00,143.3,일월화수목금토,중앙선,,20:37:00,23:35:00,10680,48.30337078651686,"['Sun', 'Mon', 'Tue', 'Wed', 'Thu', 'Fri', 'Sat']",Jungang Line,0
141,3256,화물,정기,상,입석리,13:10:00,광운대,16:54:00,3:44:00,158.6,일월화수목금토,중앙선,,13:10:00,16:54:00,13440,42.482142857142854,"['Sun', 'Mon', 'Tue', 'Wed', 'Thu', 'Fri', 'Sat']",Jungang Line,0
142,3261,화물,정기,하,팔당,10:52:00,쌍룡,14:28:00,3:36:00,140.0,일월화수목금토,중앙선,,10:52:00,14:28:00,12960,38.888888888888886,"['Sun', 'Mon', 'Tue', 'Wed', 'Thu', 'Fri', 'Sat']",Jungang Line,0
143,3262,화물,정기,상,쌍룡,6:50:00,팔당,9:34:00,2:44:00,140.0,일월화수목금토,중앙선,,06:50:00,09:34:00,9840,51.21951219512195,"['Sun', 'Mon', 'Tue', 'Wed', 'Thu', 'Fri', 'Sat']",Jungang Line,0
144,3263,화물,정기,하,팔당,16:00:00,쌍룡,20:17:00,4:17:00,140.0,일월화수목금토,중앙선,,16:00:00,20:17:00,15420,32.68482490272373,"['Sun', 'Mon', 'Tue', 'Wed', 'Thu', 'Fri', 'Sat']",Jungang Line,0
145,3264,화물,정기,상,쌍룡,10:40:00,팔당,14:01:00,3:21:00,140.0,일월화수목금토,중앙선,,10:40:00,14:01:00,12060,41.7910447761194,"['Sun', 'Mon', 'Tue', 'Wed', 'Thu', 'Fri', 'Sat']",Jungang Line,0
146,3271,화물,정기,하,도담,5:30:00,가천,11:04:00,5:34:00,197.6,일월화수목금토,중앙선,,05:30:00,11:04:00,20040,35.49700598802395,"['Sun', 'Mon', 'Tue', 'Wed', 'Thu', 'Fri', 'Sat']",Jungang Line,0
147,3272,화물,정기,상,가천,16:50:00,제천조차장,22:21:00,5:31:00,215.8,일월화수목금토,중앙선,,16:50:00,22:21:00,19860,39.1178247734139,"['Sun', 'Mon', 'Tue', 'Wed', 'Thu', 'Fri', 'Sat']",Jungang Line,0
148,3273,화물,정기,하,제천조차장,7:09:00,신동,12:44:00,5:35:00,243.3,월화수목금,중앙선,,07:09:00,12:44:00,20100,43.57611940298508,"['Mon', 'Tue', 'Wed', 'Thu', 'Fri']",Jungang Line,0
149,3274,화물,정기,상,신동,14:35:00,제천조차장,20:49:00,6:14:00,243.3,월화수목금,중앙선,,14:35:00,20:49:00,22440,39.032085561497325,"['Mon', 'Tue', 'Wed', 'Thu', 'Fri']",Jungang Line,0
150,3275,화물,정기,하,도담,7:00:00,무릉,9:36:00,2:36:00,89.2,월화수목금,중앙선,,07:00:00,09:36:00,9360,34.30769230769231,"['Mon', 'Tue', 'Wed', 'Thu', 'Fri']",Jungang Line,0
151,3276,화물,정기,상,무릉,11:26:00,도담,13:53:00,2:27:00,89.2,월화수목금,중앙선,,11:26:00,13:53:00,8820,36.40816326530612,"['Mon', 'Tue', 'Wed', 'Thu', 'Fri']",Jungang Line,0
152,3277,화물,정기,하,영주,6:10:00,마산,13:17:00,7:07:00,266.5,일월화수목금토,중앙선,,06:10:00,13:17:00,25620,37.44730679156909,"['Sun', 'Mon', 'Tue', 'Wed', 'Thu', 'Fri', 'Sat']",Jungang Line,0
153,3278,화물,정기,상,마산,17:00:00,영주,23:45:00,6:45:00,266.5,일월화수목금토,중앙선,,17:00:00,23:45:00,24300,39.48148148148148,"['Sun', 'Mon', 'Tue', 'Wed', 'Thu', 'Fri', 'Sat']",Jungang Line,0
154,3281,화물,정기,하,도안,13:10:00,동해,20:05:00,6:55:00,238.0,월화수목금,태백선,,13:10:00,20:05:00,24900,34.40963855421687,"['Mon', 'Tue', 'Wed', 'Thu', 'Fri']",Taebaek Line,0
155,3282,화물,정기,상,동해,4:20:00,도안,9:56:00,5:36:00,241.0,월화수목금,충북선,,04:20:00,09:56:00,20160,43.03571428571429,"['Mon', 'Tue', 'Wed', 'Thu', 'Fri']",Chungbuk Line,0
156,3284,화물,정기,상,동해,9:42:00,음성,16:48:00,7:06:00,224.2,일화수목금토,충북선,,09:42:00,16:48:00,25560,31.577464788732396,"['Sun', 'Tue', 'Wed', 'Thu', 'Fri', 'Sat']",Chungbuk Line,0
157,3286,화물,정기,상,옥계,19:16:00,제천조차장,0:55:00,5:39:00,181.5,월화수목금토,태백선,,19:16:00,00:55:00,20340,32.123893805309734,"['Mon', 'Tue', 'Wed', 'Thu', 'Fri', 'Sat']",Taebaek Line,1
158,3311,화물,정기,하,군산,10:10:00,태금,14:26:00,4:16:00,193.6,일월화수목금토,장항선,,10:10:00,14:26:00,15360,45.375,"['Sun', 'Mon', 'Tue', 'Wed', 'Thu', 'Fri', 'Sat']",Janghang Line,0
159,3312,화물,정기,상,태금,1:50:00,군산,7:56:00,6:06:00,193.6,일월화수목금토,장항선,,01:50:00,07:56:00,21960,31.737704918032787,"['Sun', 'Mon', 'Tue', 'Wed', 'Thu', 'Fri', 'Sat']",Janghang Line,0
160,3321,화물,정기,상,철암,5:00:00,간치,14:01:00,9:01:00,367.5,일월화수목금토,충북선,,05:00:00,14:01:00,32460,40.75785582255083,"['Sun', 'Mon', 'Tue', 'Wed', 'Thu', 'Fri', 'Sat']",Chungbuk Line,0
161,3322,화물,정기,상,간치,17:20:00,제천조차장,23:00:00,5:40:00,253.8,일월화수목금토,장항선,,17:20:00,23:00:00,20400,44.78823529411765,"['Sun', 'Mon', 'Tue', 'Wed', 'Thu', 'Fri', 'Sat']",Janghang Line,0
162,3331,화물,정기,하,인천,15:20:00,입석리,20:44:00,5:24:00,279.0,일월화수목금토,충북선,,15:20:00,20:44:00,19440,51.666666666666664,"['Sun', 'Mon', 'Tue', 'Wed', 'Thu', 'Fri', 'Sat']",Chungbuk Line,0
163,3333,화물,정기,하,인천,15:30:00,제천조차장,20:20:00,4:50:00,190.7,월화수목금토,중앙선,,15:30:00,20:20:00,17400,39.4551724137931,"['Mon', 'Tue', 'Wed', 'Thu', 'Fri', 'Sat']",Jungang Line,0
164,3334,화물,정기,상,제천조차장,9:55:00,인천,14:57:00,5:02:00,190.7,월화수목금토,중앙선,,09:55:00,14:57:00,18120,37.88741721854304,"['Mon', 'Tue', 'Wed', 'Thu', 'Fri', 'Sat']",Jungang Line,0
165,3342,화물,정기,상,괴동,0:07:00,제천조차장,6:41:00,6:34:00,258.6,일월화수목금토,중앙선,,00:07:00,06:41:00,23640,39.38071065989848,"['Sun', 'Mon', 'Tue', 'Wed', 'Thu', 'Fri', 'Sat']",Jungang Line,0
166,3343,화물,정기,하,제천조차장,6:00:00,괴동,12:43:00,6:43:00,258.6,일월화수목금토,중앙선,,06:00:00,12:43:00,24180,38.50124069478908,"['Sun', 'Mon', 'Tue', 'Wed', 'Thu', 'Fri', 'Sat']",Jungang Line,0
167,3345,화물,정기,하,입석리,11:00:00,괴동,18:58:00,7:58:00,270.0,일월화수목금토,중앙선,,11:00:00,18:58:00,28680,33.89121338912134,"['Sun', 'Mon', 'Tue', 'Wed', 'Thu', 'Fri', 'Sat']",Jungang Line,0
168,3346,화물,정기,상,괴동,14:35:00,도담,20:37:00,6:02:00,240.4,일월화수목금토,중앙선,,14:35:00,20:37:00,21720,39.84530386740332,"['Sun', 'Mon', 'Tue', 'Wed', 'Thu', 'Fri', 'Sat']",Jungang Line,0
169,3347,화물,정기,하,제천,14:10:00,괴동,21:16:00,7:06:00,256.3,일월화수목금토,중앙선,,14:10:00,21:16:00,25560,36.098591549295776,"['Sun', 'Mon', 'Tue', 'Wed', 'Thu', 'Fri', 'Sat']",Jungang Line,0
170,3348,화물,정기,상,괴동,20:30:00,제천조차장,4:42:00,8:12:00,258.6,일월화수목금토,중앙선,,20:30:00,04:42:00,29520,31.536585365853664,"['Sun', 'Mon', 'Tue', 'Wed', 'Thu', 'Fri', 'Sat']",Jungang Line,1
171,3349,화물,정기,하,석항,13:33:00,괴동,22:02:00,8:29:00,305.3,일월화수목금토,태백선,,13:33:00,22:02:00,30540,35.988212180746565,"['Sun', 'Mon', 'Tue', 'Wed', 'Thu', 'Fri', 'Sat']",Taebaek Line,0
172,3350,화물,정기,상,괴동,23:10:00,입석리,7:41:00,8:31:00,270.0,일월화수목금토,태백선,,23:10:00,07:41:00,30660,31.702544031311152,"['Sun', 'Mon', 'Tue', 'Wed', 'Thu', 'Fri', 'Sat']",Taebaek Line,1
173,3351,화물,정기,하,제천,15:40:00,괴동,22:49:00,7:09:00,256.3,일월화수목금토,중앙선,,15:40:00,22:49:00,25740,35.84615384615385,"['Sun', 'Mon', 'Tue', 'Wed', 'Thu', 'Fri', 'Sat']",Jungang Line,0
174,3352,화물,정기,상,괴동,23:54:00,제천,6:05:00,6:11:00,256.3,일월화수목금토,중앙선,,23:54:00,06:05:00,22260,41.45013477088949,"['Sun', 'Mon', 'Tue', 'Wed', 'Thu', 'Fri', 'Sat']",Jungang Line,1
175,3361,화물,정기,하,제천조차장,16:20:00,영주,18:50:00,2:30:00,64.7,월화수목금토,중앙선,,16:20:00,18:50:00,9000,25.880000000000003,"['Mon', 'Tue', 'Wed', 'Thu', 'Fri', 'Sat']",Jungang Line,0
176,3371,화물,정기,하,제천조차장,16:58:00,철암,19:56:00,2:58:00,110.7,일월화수목금토,태백선,,16:58:00,19:56:00,10680,37.31460674157303,"['Sun', 'Mon', 'Tue', 'Wed', 'Thu', 'Fri', 'Sat']",Taebaek Line,0
177,3372,화물,정기,상,철암,16:00:00,제천조차장,20:01:00,4:01:00,113.7,월화수목금토,태백선,,16:00:00,20:01:00,14460,28.307053941908716,"['Mon', 'Tue', 'Wed', 'Thu', 'Fri', 'Sat']",Taebaek Line,0
178,3381,화물,정기,하,제천조차장,8:00:00,동해,12:55:00,4:55:00,161.0,월화수목금토,태백선,,08:00:00,12:55:00,17700,32.74576271186441,"['Mon', 'Tue', 'Wed', 'Thu', 'Fri', 'Sat']",Taebaek Line,0
179,3382,화물,정기,상,동해,3:55:00,제천조차장,8:45:00,4:50:00,164.0,일월화수목금토,태백선,,03:55:00,08:45:00,17400,33.93103448275862,"['Sun', 'Mon', 'Tue', 'Wed', 'Thu', 'Fri', 'Sat']",Taebaek Line,0
180,3383,화물,정기,하,제천조차장,8:35:00,동해,14:07:00,5:32:00,171.3,일월화수목금토,영동선,,08:35:00,14:07:00,19920,30.957831325301207,"['Sun', 'Mon', 'Tue', 'Wed', 'Thu', 'Fri', 'Sat']",Yeongdong Line,0
181,3384,화물,정기,상,동해,20:17:00,제천조차장,0:46:00,4:29:00,164.0,일월화수목금토,태백선,,20:17:00,00:46:00,16140,36.57992565055762,"['Sun', 'Mon', 'Tue', 'Wed', 'Thu', 'Fri', 'Sat']",Taebaek Line,1
182,3385,화물,정기,하,제천조차장,17:34:00,동해,23:03:00,5:29:00,161.0,월화수목금토,태백선,,17:34:00,23:03:00,19740,29.361702127659573,"['Mon', 'Tue', 'Wed', 'Thu', 'Fri', 'Sat']",Taebaek Line,0
183,3391,화물,정기,하,제천조차장,10:54:00,동해,18:14:00,7:20:00,212.3,일월화수목금토,영동선,,10:54:00,18:14:00,26400,28.950000000000003,"['Sun', 'Mon', 'Tue', 'Wed', 'Thu', 'Fri', 'Sat']",Yeongdong Line,0
184,3392,화물,정기,상,동해,12:10:00,제천조차장,19:55:00,7:45:00,212.3,일월화수목금토,영동선,,12:10:00,19:55:00,27900,27.393548387096775,"['Sun', 'Mon', 'Tue', 'Wed', 'Thu', 'Fri', 'Sat']",Yeongdong Line,0
185,3393,화물,정기,하,영주,19:10:00,동해,23:59:00,4:49:00,147.6,월화수목금토,영동선,,19:10:00,23:59:00,17340,30.643598615916954,"['Mon', 'Tue', 'Wed', 'Thu', 'Fri', 'Sat']",Yeongdong Line,0
186,3396,화물,정기,상,동해,5:57:00,석포,7:36:00,1:39:00,70.8,월화수목금토,영동선,,05:57:00,07:36:00,5940,42.90909090909091,"['Mon', 'Tue', 'Wed', 'Thu', 'Fri', 'Sat']",Yeongdong Line,0
187,3398,화물,정기,상,철암,16:48:00,영주,18:59:00,2:11:00,87.0,일월화수목금토,영동선,,16:48:00,18:59:00,7860,39.84732824427481,"['Sun', 'Mon', 'Tue', 'Wed', 'Thu', 'Fri', 'Sat']",Yeongdong Line,0
188,3411,화물,정기,하,의왕,18:55:00,괴동,3:18:00,8:23:00,398.0,일월화수목금토,경부선,,18:55:00,03:18:00,30180,47.4751491053678,"['Sun', 'Mon', 'Tue', 'Wed', 'Thu', 'Fri', 'Sat']",Gyeongbu Line,1
189,3412,화물,정기,상,괴동,16:22:00,오봉,0:56:00,8:34:00,402.3,일월화수목금토,경부선,,16:22:00,00:56:00,30840,46.961089494163424,"['Sun', 'Mon', 'Tue', 'Wed', 'Thu', 'Fri', 'Sat']",Gyeongbu Line,1
190,3413,화물,정기,하,오봉,18:54:00,태화강,6:44:00,11:50:00,414.9,일월화수목금토,중앙선,,18:54:00,06:44:00,42600,35.06197183098591,"['Sun', 'Mon', 'Tue', 'Wed', 'Thu', 'Fri', 'Sat']",Jungang Line,1
191,3414,화물,정기,상,괴동,20:12:00,오봉,4:18:00,8:06:00,402.3,일월화수목금토,경부선,,20:12:00,04:18:00,29160,49.66666666666667,"['Sun', 'Mon', 'Tue', 'Wed', 'Thu', 'Fri', 'Sat']",Gyeongbu Line,1
192,3421,화물,정기,하,의왕,10:06:00,태금,18:19:00,8:13:00,396.7,일월화수목금토,전라선,,10:06:00,18:19:00,29580,48.27991886409736,"['Sun', 'Mon', 'Tue', 'Wed', 'Thu', 'Fri', 'Sat']",Jeolla Line,0
193,3422,화물,정기,상,태금,20:58:00,오봉,3:50:00,6:52:00,392.3,일월화수목금토,전라선,,20:58:00,03:50:00,24720,57.13106796116505,"['Sun', 'Mon', 'Tue', 'Wed', 'Thu', 'Fri', 'Sat']",Jeolla Line,1
194,3423,화물,정기,하,오봉,16:03:00,태금,0:08:00,8:05:00,392.3,일월화수목금토,전라선,,16:03:00,00:08:00,29100,48.531958762886596,"['Sun', 'Mon', 'Tue', 'Wed', 'Thu', 'Fri', 'Sat']",Jeolla Line,1
195,3424,화물,정기,상,태금,15:15:00,오봉,22:49:00,7:34:00,392.2,일월화수목금토,경부선,,15:15:00,22:49:00,27240,51.83259911894273,"['Sun', 'Mon', 'Tue', 'Wed', 'Thu', 'Fri', 'Sat']",Gyeongbu Line,0
196,3431,화물,정기,하,신례원,21:45:00,광양,2:52:00,5:07:00,278.3,월화수목금토,장항선,,21:45:00,02:52:00,18420,54.390879478827365,"['Mon', 'Tue', 'Wed', 'Thu', 'Fri', 'Sat']",Janghang Line,1
197,3432,화물,정기,상,광양,10:00:00,신례원,16:02:00,6:02:00,278.3,월화수목금토,장항선,,10:00:00,16:02:00,21720,46.127071823204425,"['Mon', 'Tue', 'Wed', 'Thu', 'Fri', 'Sat']",Janghang Line,0
198,3433,화물,정기,하,삽교,6:30:00,광양,12:33:00,6:03:00,265.5,월화수목금토,장항선,,06:30:00,12:33:00,21780,43.88429752066116,"['Mon', 'Tue', 'Wed', 'Thu', 'Fri', 'Sat']",Janghang Line,0
199,3434,화물,정기,상,광양,14:20:00,천안,19:00:00,4:40:00,306.5,월화수목금토,전라선,,14:20:00,19:00:00,16800,65.67857142857143,"['Mon', 'Tue', 'Wed', 'Thu', 'Fri', 'Sat']",Jeolla Line,0
200,3435,화물,정기,하,천안,14:00:00,광양,21:20:00,7:20:00,321.4,월화수목금토,장항선,,14:00:00,21:20:00,26400,43.82727272727273,"['Mon', 'Tue', 'Wed', 'Thu', 'Fri', 'Sat']",Janghang Line,0
201,3436,화물,정기,상,광양,3:52:00,천안,11:28:00,7:36:00,321.4,월화수목금토,장항선,,03:52:00,11:28:00,27360,42.28947368421053,"['Mon', 'Tue', 'Wed', 'Thu', 'Fri', 'Sat']",Janghang Line,0
202,3437,화물,정기,하,신례원,10:26:00,광양,16:13:00,5:47:00,336.2,월화수목금토,전라선,,10:26:00,16:13:00,20820,58.13256484149856,"['Mon', 'Tue', 'Wed', 'Thu', 'Fri', 'Sat']",Jeolla Line,0
203,3438,화물,정기,상,광양,17:30:00,신례원,23:02:00,5:32:00,278.3,월화수목금토,장항선,,17:30:00,23:02:00,19920,50.29518072289157,"['Mon', 'Tue', 'Wed', 'Thu', 'Fri', 'Sat']",Janghang Line,0
204,3441,화물,정기,하,괴동,15:35:00,순천,23:00:00,7:25:00,328.2,일월화수목금토,경전선,,15:35:00,23:00:00,26700,44.25168539325843,"['Sun', 'Mon', 'Tue', 'Wed', 'Thu', 'Fri', 'Sat']",Gyeongjeon Line,0
205,3442,화물,정기,상,태금,16:00:00,괴동,23:54:00,7:54:00,338.8,일월화수목금토,경전선,,16:00:00,23:54:00,28440,42.88607594936709,"['Sun', 'Mon', 'Tue', 'Wed', 'Thu', 'Fri', 'Sat']",Gyeongjeon Line,0
206,3471,화물,정기,하,의왕,2:30:00,온산,12:35:00,10:05:00,444.6,월화수목금토,경부선,,02:30:00,12:35:00,36300,44.09256198347107,"['Mon', 'Tue', 'Wed', 'Thu', 'Fri', 'Sat']",Gyeongbu Line,0
207,3472,화물,정기,상,온산,15:28:00,수색,0:27:00,8:59:00,477.7,월화수목금토,대구선,,15:28:00,00:27:00,32340,53.176252319109466,"['Mon', 'Tue', 'Wed', 'Thu', 'Fri', 'Sat']",Daegu Line,1
208,3481,화물,정기,하,의왕,6:15:00,가야,16:06:00,9:51:00,410.3,월화수목금토,경부선,,06:15:00,16:06:00,35460,41.654822335025386,"['Mon', 'Tue', 'Wed', 'Thu', 'Fri', 'Sat']",Gyeongbu Line,0
209,3482,화물,정기,상,가야,5:30:00,의왕,15:15:00,9:45:00,401.5,월화수목금토,경부선,,05:30:00,15:15:00,35100,41.17948717948718,"['Mon', 'Tue', 'Wed', 'Thu', 'Fri', 'Sat']",Gyeongbu Line,0
210,3485,화물,정기,하,황등,7:50:00,목포,12:22:00,4:32:00,195.3,월화수목금,호남선,,07:50:00,12:22:00,16320,43.08088235294118,"['Mon', 'Tue', 'Wed', 'Thu', 'Fri']",Honam Line,0
211,3486,화물,정기,상,목포,14:13:00,황등,18:28:00,4:15:00,195.3,월화수목금,호남선,,14:13:00,18:28:00,15300,45.95294117647059,"['Mon', 'Tue', 'Wed', 'Thu', 'Fri']",Honam Line,0
212,3961,화물,정기,하,나주,18:37:00,흥국사,0:02:00,5:25:00,297.6,일월화수목금토,전라선,,18:37:00,00:02:00,19500,54.941538461538464,"['Sun', 'Mon', 'Tue', 'Wed', 'Thu', 'Fri', 'Sat']",Jeolla Line,1
213,3962,화물,정기,상,흥국사,23:45:00,나주,7:21:00,7:36:00,297.6,일월화수목금토,전라선,,23:45:00,07:21:00,27360,39.15789473684211,"['Sun', 'Mon', 'Tue', 'Wed', 'Thu', 'Fri', 'Sat']",Jeolla Line,1
214,3965,화물,정기,하,철암,17:48:00,경주,0:54:00,7:06:00,253.8,일월화수목금토,중앙선,,17:48:00,00:54:00,25560,35.74647887323944,"['Sun', 'Mon', 'Tue', 'Wed', 'Thu', 'Fri', 'Sat']",Jungang Line,1
215,3966,화물,정기,상,온산,17:40:00,영주,0:07:00,6:27:00,231.7,일월화수목금토,중앙선,,17:40:00,00:07:00,23220,35.922480620155035,"['Sun', 'Mon', 'Tue', 'Wed', 'Thu', 'Fri', 'Sat']",Jungang Line,1
216,3967,화물,정기,하,철암,13:27:00,온산,23:27:00,10:00:00,318.7,일월화수목금토,중앙선,,13:27:00,23:27:00,36000,31.869999999999997,"['Sun', 'Mon', 'Tue', 'Wed', 'Thu', 'Fri', 'Sat']",Jungang Line,0
217,3968,화물,정기,상,온산,21:24:00,철암,5:55:00,8:31:00,318.7,일월화수목금토,중앙선,,21:24:00,05:55:00,30660,37.42074363992172,"['Sun', 'Mon', 'Tue', 'Wed', 'Thu', 'Fri', 'Sat']",Jungang Line,1
